{
  "total_value": 951156.6998510361,
  "cash": 481038.8687359693,
  "asset_value": 470117.8311150668,
  "total_pnl": 51156.69985103607,
  "daily_pnl": 7426.259658813477,
  "mtd": 5529.696866035461,
  "ytd": 16940.046075820923,
  "mtd_pct": 0.005847651186546301,
  "ytd_pct": 0.018132888133994794
}
